{"intrinsic": [[750.3744179282464, 0.0, 495.2552751140258], [0.0, 750.1846227739037, 514.5198807665512], [0.0, 0.0, 1.0]], "dist": [[-0.16957750824589124, 0.1200891488443729, -0.0013510661591450363, -0.001348062331001116, -0.030113680251582772]]}