{"intrinsic": [[754.10153255, 0.0, 490.61365883], [0.0, 751.92946746, 518.83425599], [0.0,     0.0, 1.0]], "dist": [[-0.174712362, 0.126886521, -0.0000693692644, -0.000698506795, -0.0337109436]]}
