{"intrinsic": [[751.435287059413, 0.0, 492.5118407385563], [0.0, 750.6956915526955, 522.9100271635882], [0.0, 0.0, 1.0]], "dist": [[-0.171069987080466, 0.11321914206303504, -0.00029325206098092715, -0.0009053965685343252, -0.02383192270969008]]}