{"intrinsic": [[755.6666297881987, 0.0, 489.77015288508125], [0.0, 754.216351412307, 501.7751729689044], [0.0, 0.0, 1.0]], "dist": [[-0.16966246227346168, 0.1171817442465573, -0.0009331199021226233, -0.0019526240090044602, -0.026578537611178517]]}