{"intrinsic": [[753.0137540813216, 0.0, 494.17920924758124], [0.0, 750.8915377668678, 522.2036395871869], [0.0, 0.0, 1.0]], "dist": [[-0.17423694086383926, 0.12250597388816972, 0.000444186394451493, 0.00018116484221097846, -0.02851237418885976]]}