{"intrinsic": [[749.5600372027442, 0.0, 499.3680783795011], [0.0, 748.093817364752, 510.3961933565991], [0.0, 0.0, 1.0]], "dist": [[-0.1791896764265804, 0.1487605235961355, 0.0003038933557209066, -0.00012015857875724765, -0.057079625935341834]]}