{"intrinsic": [[749.73199776, 0.0, 504.4404359], [ 0.0, 749.98425487, 524.32141334], [0.0, 0.0, 1.0]], "dist": [[-0.16822659, 0.10620267, 0.00113042, -0.00035295, -0.0183953 ]]}
