{"intrinsic": [[755.66662979, 0.0, 489.77015289], [0.0, 754.21635141, 501.77517297], [0.0, 0.0, 1.0]], "dist": [[-0.16966246, 0.11718174, -0.00093312, -0.00195262, -0.02657854]]}
