{"intrinsic": [[751.43528706, 0.0, 492.51184074], [ 0.0, 750.69569155, 522.91002716], [0.0, 0.0, 1]], "dist": [[-0.17106999, 0.11321914, -0.00029325, -0.0009054, -0.02383192]]}
