{"intrinsic": [[749.2216042657296, 0.0, 514.9134711275951], [0.0, 748.9461923655522, 519.7598524085101], [0.0, 0.0, 1.0]], "dist": [[-0.16628079327291057, 0.11990276694027936, -0.0011175427751147337, 0.0017947316659726934, -0.04872777753445572]]}