{"intrinsic": [[749.731997762353, 0.0, 504.44043589523255], [0.0, 749.9842548685732, 524.3214133365316], [0.0, 0.0, 1.0]], "dist": [[-0.16822659489441238, 0.10620266825150945, 0.0011304238094620761, -0.00035294860533502463, -0.018395303719749425]]}