{"intrinsic": [[744.3094229489111, 0.0, 497.3261425406395], [0.0, 744.8818866930901, 509.62239703766977], [0.0, 0.0, 1.0]], "dist": [[-0.1662364321408924, 0.09762114345925615, -0.0007924685798039666, -0.0009663474314288018, -0.026275962260403903]]}