{"intrinsic": [[754.10153255297, 0.0, 490.61365882808866], [0.0, 751.9294674610958, 518.83425599326], [0.0, 0.0, 1.0]], "dist": [[-0.17471236160555426, 0.12688652095518205, -6.936926437222685e-05, -0.000698506794932259, -0.03371094360118119]]}