{"dist": [[-0.17088236577043575, 0.10450283574783911, 0.0017341115493829569, 0.0028818779339680645, -0.02908165082363827]], "homography": [[-1544.5287883160504, -72.3186224097207, 995.0883494555469], [7.932083332738679, -1522.2671243226625, 1002.2416335463522], [-0.0414895466791626, -0.02148228377367016, 0.9989079682334236]], "intrinsic": [[1502.7206350501465, 0.0, 1059.6370497962657], [0.0, 1501.227887257477, 1033.5198296470644], [0.0, 0.0, 1.0]], "extrinsic": [[-0.9985654635170984, -0.03297698684176849, -0.042184516231910676, -10.331506764016], [0.03384719467312018, -0.9992252147652727, -0.0200832664189511, 19.183665415568043], [-0.0414895466791626, -0.02148228377367016, 0.9989079682334236, 32.73355199031345], [0.0, 0.0, 0.0, 1.0]]}