{"dist": [[-0.17897982050518335, 0.11501799520337264, -0.005105687669326555, 0.0037341496979627895, -0.03021116091873342]], "homography": [[-1523.4054541233274, -46.28008323853254, 978.1020729324184], [-0.1408442499697224, -1475.6626614119048, 963.9471835972879], [-0.045038638770810636, -0.0027396520419242744, 0.9989814889798319]], "intrinsic": [[1478.4445939803813, 0.0, 1045.8447644665753], [0.0, 1473.6544253530612, 967.0145384247596], [0.0, 0.0, 1.0]], "extrinsic": [[-0.9985507983032093, -0.029365207645111104, -0.04509975374636684, -10.40831163618928], [0.029458856489956543, -0.9995649948285747, -0.001413112753978496, -10.508373613400918], [-0.045038638770810636, -0.0027396520419242744, 0.9989814889798319, 30.68388017414014], [0.0, 0.0, 0.0, 1.0]]}