{"dist": [[-0.17894628062609363, 0.11456629872689904, -0.0025351678613127317, -0.0016818615003054763, -0.03442589776648578]], "homography": [[-1461.5391317362703, -16.096093047362906, 1015.6171404703906], [87.01884350039977, -1444.5334435022871, 1039.3172423782373], [0.02629534352634507, 0.044517586718838785, 0.9986624752044911]], "intrinsic": [[1488.957157593832, 0.0, 975.1104945979971], [0.0, 1490.6484187180292, 975.9081773398902], [0.0, 0.0, 1.0]], "extrinsic": [[-0.998806439515805, -0.039964654958401014, 0.028080646997826288, 17.22616558454439], [0.04116128387929706, -0.9982089013962891, 0.043413567955436445, 20.95321428872656], [0.02629534352634507, 0.044517586718838785, 0.9986624752044911, 30.520613315954165], [0.0, 0.0, 0.0, 1.0]]}