{"dist": [[-0.17530496695206943, 0.12380734951498734, -0.0018167913606508984, -8.017011787779201e-05, -0.030472505243054136]], "homography": [[-1435.395467136435, -52.430876441776114, 1084.729191747896], [84.37037358015068, -1501.6379415827967, 984.5162918291719], [0.04760027266174827, -0.01482966833620793, 0.9987563741872021]], "intrinsic": [[1485.8771389492508, 0.0, 1015.8325114202182], [0.0, 1487.3002209332915, 1009.5767673772596], [0.0, 0.0, 1.0]], "extrinsic": [[-0.9985680059038732, -0.02514771661316565, 0.04721789845287853, 18.5637767289361], [0.02441621649006364, -0.9995737457967682, -0.016005470506310022, -11.10812077240755], [0.04760027266174827, -0.01482966833620793, 0.9987563741872021, 31.26198929856677], [0.0, 0.0, 0.0, 1.0]]}